example_id,customer_message,reply,correctness,groundedness,relevance,safety,overall
gold_096,"@AppleSupport @116333 Well to start out my iMac computer was seeing a grey folder with a question mark on start up. I called it in, an Apple rep schedule me for a in store repair at “Annapolis mall”. When I took it in the sales rep greeted me and ran an diagnostic test on it and told me.","@681937 Thanks for the explanation. We're here for you! We've also received your DM, and have responded from there to help get this sorted out.",5,4,4,4,5
gold_016,@AppleSupport Spins for ages then says “Remote hotspot failure”. Even though phone in range and full 4G signal.,"@392711 OK. You are trying to connect via Bluetooth, correct? Does restarting both your devices help?",1,1,3,1,1
gold_031,"@AppleSupport Dear Team, 

When i click on settings, for a fraction of a second wifi is on by default and then it changes to off.",@186602 Connect with us in DM by clicking on the following link: https://t.co/GDrqU22YpT,5,4,3,1,1
gold_159,@AppleSupport Definitely a scratch unfortunately.,@277328 Let us know how it occurred in DM. We'll work together to explore your options. https://t.co/GDrqU22YpT,5,1,4,2,3
gold_129,@AppleSupport I have,"@358819 If you haven't yet, restart using the steps found here: https://t.co/OWRDHWSt4h Let us know whether there is any change.",5,4,4,1,3
gold_116,"@AppleSupport I use iCloud. Not all the contacts are missing. I can’t find them, but if they message me, their info will come up.","@325984 In Contacts, tap ""Groups"", is ""All iCloud"" selected?",1,1,1,1,1
gold_070,@AppleSupport Thank you. All done,@253838 Great. We appreciate you helping us with that. Have a great rest of your day.,5,5,4,4,3
gold_171,"@AppleSupport yes on iTunes, i have a 6s 😡",@457610 Got it. Have you tried each of these steps: https://t.co/lMMVPdjGNN,5,4,4,5,5
gold_175,"@AppleSupport Messages won't send to people , all the messages I get deletes, my resent call log stop working so if I don't already have a number save👎🏽",@581903 That's not the experience we want you to have. Please meet us in DM so we can gather more information and assist you. https://t.co/GDrqU22YpT,1,1,1,1,1
gold_046,"@AppleSupport I got all my iTunes music back, iCloud Music Library is turned on. Is there a way to bulk download?","@732352 That's good iCloud Music Library is enabled. For your download question, do you mean downloading all music at once from Apple Music? If yes, any songs you’d like to download for offline use will need to be downloaded by individual song or album.",5,4,4,4,1
gold_067,"@AppleSupport To save a pdf in safari now have to go into menu, save to pdf then go into menu again to save. Before tap top of pdf and choose save. Stupid",@555426 We'd like to hear more about what you're running into with Safari. Please send us a DM and we'll take a look. https://t.co/GDrqU22YpT,5,5,3,1,1
gold_183,@AppleSupport iPhone 6,"@522201 Thanks so much. Let's go ahead and reset your Keyboard Dictionary first. You can go to Settings &gt; General &gt; Reset &gt; Reset Keyboard Dictionary. 
Let us know how it goes.",5,5,4,4,3
gold_166,@AppleSupport It’s on a 6s. I updated it and it started doing that shit all the time. Help me out foos,"@822742 In iOS 11, Wi-Fi and Bluetooth are turned on/off in Settings. Here’s more info on that feature: https://t.co/G7BHuQnDS6",1,5,4,1,1
gold_079,"@AppleSupport No apps, this is on my home screen! And yes, I updated it last night. I had the same problem after last iOS update",@695812 Thanks for the details. Let's continue in a DM. https://t.co/GDrqU22YpT,5,5,4,1,3
gold_187,"@AppleSupport Thanks! Yes, I am fully updated. My phone freezes a lot when using twitter, google chrome, and podcasts.",@660912 No problem. We love being able to assist. Is it slow to respond or does the display become completely unresponsive? Let us know the answer in DM. https://t.co/GDrqU22YpT,5,5,4,1,1
gold_178,"@AppleSupport It’s the same using cellular &amp; WiFi (tried 3 different WiFi networks) when I try downloading an app, it says double tap on the right. I do. Nothing happens. When updating, the app just never loads. I’ve been “updating” since yesterday.","@481363 Got it, thanks for letting us know. Go ahead and test the update once again, this time when the prompt shows double tap the Side button on your iPhone. If needed this article will assist with the location: https://t.co/AB7b8bMqSW Let us know the results.",3,1,3,1,1
gold_057,@AppleSupport Yes. Although I don’t see the profiles section in settings anymore. But the build on my 7 is the one in my last tweet.,@225301 OK. Join us in DM so we can better assist you: https://t.co/GDrqU22YpT,5,5,4,4,3
gold_153,"@AppleSupport Using iphone 7 since 10 months now, its been 1 week since the use of iOS 11.0.3. All apps take so slow load to load. Gets dead all the time.",@638629 We'd like to gather more info. Let's meet in DM. https://t.co/GDrqU22YpT,5,1,4,1,1
gold_083,@AppleSupport Sending status bar sits at about 80% for a couple of minutes and then the red “not sent” appears. In some cases the message in fact did send,@331993 Please check out the steps in this support article for issues sending messages: https://t.co/2hgNQH8Vvq,1,5,5,1,1
gold_069,"@AppleSupport I have my iPad Mini 2 (iOS 11), and a 2015 MacBook (High Sierra). Those all seem to sync fine. Only the Mac Mini does not.","@192651 Thanks for reaching out about your Mac mini. Please DM us, and we'll proceed from there. https://t.co/GDrqU22YpT",5,4,4,4,3
gold_125,@AppleSupport Thanks guys!,"@171689 Any time! Let us know if you need anything else, we love to help! We hope you have a great day!",5,4,4,4,3
gold_017,@AppleSupport Major drawback Battery drain... as well as brightness tab increases itself. Rotation orientation...Many other smaller issues,"@359546 Let's work on a solution together. To continue, please DM us with the country where you're located. https://t.co/GDrqU22YpT",5,4,4,4,3
gold_149,@AppleSupport Ohhhh ok. Thank you!,@299271 No problem! Have a great day.,5,4,4,4,3
gold_094,"@AppleSupport When you go to the App Store &amp; pick randomly any app like the image below, the video plays 6 sec &amp; keeps reloop, supposes to play whole 🎞 https://t.co/ANstYDI7o3","@158108 We appreciate you letting us know, does this happen while using just Wi-Fi or cellular data?",5,4,4,1,1
gold_066,@AppleSupport yes siri is on!,"@740934 Let's disable Siri. Then power off the device using these steps: https://t.co/OWRDHWSt4h 

Once powered back on, let's enable Siri, and see if the issue persists.",5,4,4,4,3
gold_061,"@AppleSupport Huh, what’s it doing over there? Thanks!",@532328 You're very welcome!,5,4,4,4,3
gold_085,@AppleSupport I already know what you'll tell me: turn off background refresh &amp; dim the screen. The problem isn't my settings; iOS has a battery problem.,"@347834 To look further into this battery life issue, please send us over a DM to continue. https://t.co/GDrqU22YpT",5,4,4,1,1
gold_068,@AppleSupport @581741 I’m having the same issue. Thought it was just me.,@581741 We'd like to help you out with the issue you're experiencing. Send us a DM with what type of iPhone you're using to get started. https://t.co/GDrqU22YpT,5,5,4,4,1
gold_126,"@AppleSupport My IPhone x is working fine now, Thanks for nothing",@726046 We can help! We absolutely want you to be able to fully enjoy your brand new iPhone X. Let's have you start with the steps in the following article and keep us posted on how that goes: https://t.co/8MvHMFZ83h,5,5,5,5,3
gold_133,@AppleSupport Can y’all also like fix the battery issue too? Cause after I️ updated my phone like died in five seconds..... and my phones new,@503047 Let's have a look at this together. Can you please DM us? https://t.co/GDrqU22YpT,5,5,4,1,1
